{"step reward": 0.05, "total reward": 3.2500000000000013, "average total reward": 1.6250000000000007, "_timestamp": 1700327955.040865, "_runtime": 111.00916194915771, "_step": 62}